user057171@gmail.com,12345678
user057172@gmail.com,12345678
user057173@gmail.com,12345678
user057174@gmail.com,12345678
user057175@gmail.com,12345678
user057176@gmail.com,12345678
user057177@gmail.com,12345678
user057178@gmail.com,12345678
user057179@gmail.com,12345678
user0571710@gmail.com,12345678
user0571711@gmail.com,12345678
user0571712@gmail.com,12345678
user0571713@gmail.com,12345678
user0571714@gmail.com,12345678
user0571715@gmail.com,12345678
user0571716@gmail.com,12345678
user0571717@gmail.com,12345678
user0571718@gmail.com,12345678
user0571719@gmail.com,12345678
user0571720@gmail.com,12345678
user0571721@gmail.com,12345678
user0571722@gmail.com,12345678
user0571723@gmail.com,12345678
user0571724@gmail.com,12345678
user0571725@gmail.com,12345678
user0571726@gmail.com,12345678
user0571727@gmail.com,12345678
user0571728@gmail.com,12345678
user0571729@gmail.com,12345678
user0571730@gmail.com,12345678
user0571731@gmail.com,12345678
user0571732@gmail.com,12345678
user0571733@gmail.com,12345678
user0571734@gmail.com,12345678
user0571735@gmail.com,12345678
user0571736@gmail.com,12345678
user0571737@gmail.com,12345678
user0571738@gmail.com,12345678
user0571739@gmail.com,12345678
user0571740@gmail.com,12345678
user0571741@gmail.com,12345678
user0571742@gmail.com,12345678
user0571743@gmail.com,12345678
user0571744@gmail.com,12345678
user0571745@gmail.com,12345678
user0571746@gmail.com,12345678
user0571747@gmail.com,12345678
user0571748@gmail.com,12345678
user0571749@gmail.com,12345678
user0571750@gmail.com,12345678
user0571751@gmail.com,12345678
user0571752@gmail.com,12345678
user0571753@gmail.com,12345678
user0571754@gmail.com,12345678
user0571755@gmail.com,12345678
user0571756@gmail.com,12345678
user0571757@gmail.com,12345678
user0571758@gmail.com,12345678
user0571759@gmail.com,12345678
user0571760@gmail.com,12345678
user0571761@gmail.com,12345678
user0571762@gmail.com,12345678
user0571763@gmail.com,12345678
user0571764@gmail.com,12345678
user0571765@gmail.com,12345678
user0571766@gmail.com,12345678
user0571767@gmail.com,12345678
user0571768@gmail.com,12345678
user0571769@gmail.com,12345678
user0571770@gmail.com,12345678
user0571771@gmail.com,12345678
user0571772@gmail.com,12345678
user0571773@gmail.com,12345678
user0571774@gmail.com,12345678
user0571775@gmail.com,12345678
user0571776@gmail.com,12345678
user0571777@gmail.com,12345678
user0571778@gmail.com,12345678
user0571779@gmail.com,12345678
user0571780@gmail.com,12345678
user0571781@gmail.com,12345678
user0571782@gmail.com,12345678
user0571783@gmail.com,12345678
user0571784@gmail.com,12345678
user0571785@gmail.com,12345678
user0571786@gmail.com,12345678
user0571787@gmail.com,12345678
user0571788@gmail.com,12345678
user0571789@gmail.com,12345678
user0571790@gmail.com,12345678
user0571791@gmail.com,12345678
user0571792@gmail.com,12345678
user0571793@gmail.com,12345678
user0571794@gmail.com,12345678
user0571795@gmail.com,12345678
user0571796@gmail.com,12345678
user0571797@gmail.com,12345678
user0571798@gmail.com,12345678
user0571799@gmail.com,12345678
